Values,Feature-Importances
0.07208876538120715,last_new_job
0.10137940405475128,company_size
0.13655253155451524,experience
0.1620519496826339,city_development_index
0.2366994463206595,training_hours
